<?xml version="1.0" encoding="UTF-8"?>
<project-private xmlns="http://www.netbeans.org/ns/project-private/1">
    <editor-bookmarks xmlns="http://www.netbeans.org/ns/editor-bookmarks/2" lastBookmarkId="0"/>
    <open-files xmlns="http://www.netbeans.org/ns/projectui-open-files/2">
        <group>
            <file>file:/C:/Users/anura/OneDrive/Desktop/Sahil%20Mane%20234%20ATM%20Application%20Using%20Swing/Sahil%20Mane%20234%20ATM%20Application%20Using%20Swing/src/Signin.java</file>
            <file>file:/C:/Users/anura/OneDrive/Desktop/Sahil%20Mane%20234%20ATM%20Application%20Using%20Swing/Sahil%20Mane%20234%20ATM%20Application%20Using%20Swing/src/Last.java</file>
            <file>file:/C:/Users/anura/OneDrive/Desktop/Sahil%20Mane%20234%20ATM%20Application%20Using%20Swing/Sahil%20Mane%20234%20ATM%20Application%20Using%20Swing/src/Complete.java</file>
            <file>file:/C:/Users/anura/OneDrive/Desktop/Sahil%20Mane%20234%20ATM%20Application%20Using%20Swing/Sahil%20Mane%20234%20ATM%20Application%20Using%20Swing/src/First.java</file>
            <file>file:/C:/Users/anura/OneDrive/Desktop/Sahil%20Mane%20234%20ATM%20Application%20Using%20Swing/Sahil%20Mane%20234%20ATM%20Application%20Using%20Swing/src/Withdrawal.java</file>
            <file>file:/C:/Users/anura/OneDrive/Desktop/Sahil%20Mane%20234%20ATM%20Application%20Using%20Swing/Sahil%20Mane%20234%20ATM%20Application%20Using%20Swing/src/BalanceEnquiry.java</file>
            <file>file:/C:/Users/anura/OneDrive/Desktop/Sahil%20Mane%20234%20ATM%20Application%20Using%20Swing/Sahil%20Mane%20234%20ATM%20Application%20Using%20Swing/src/FastCash.java</file>
            <file>file:/C:/Users/anura/OneDrive/Desktop/Sahil%20Mane%20234%20ATM%20Application%20Using%20Swing/Sahil%20Mane%20234%20ATM%20Application%20Using%20Swing/src/Balance.java</file>
            <file>file:/C:/Users/anura/OneDrive/Desktop/Sahil%20Mane%20234%20ATM%20Application%20Using%20Swing/Sahil%20Mane%20234%20ATM%20Application%20Using%20Swing/src/Deposit.java</file>
            <file>file:/C:/Users/anura/OneDrive/Desktop/Sahil%20Mane%20234%20ATM%20Application%20Using%20Swing/Sahil%20Mane%20234%20ATM%20Application%20Using%20Swing/src/MiniStatement.java</file>
            <file>file:/C:/Users/anura/OneDrive/Desktop/Sahil%20Mane%20234%20ATM%20Application%20Using%20Swing/Sahil%20Mane%20234%20ATM%20Application%20Using%20Swing/src/Signup.java</file>
            <file>file:/C:/Users/anura/OneDrive/Desktop/Sahil%20Mane%20234%20ATM%20Application%20Using%20Swing/Sahil%20Mane%20234%20ATM%20Application%20Using%20Swing/src/PinChange.java</file>
        </group>
    </open-files>
</project-private>
